-- 创建课程表数据
INSERT INTO mis.course (course_id, name, credit, semester, hours, description) VALUES
('MATH101', 'Calculus I', 4.0, 1, 48, 'Introduction to differential calculus'),
('MATH102', 'Calculus II', 4.0, 2, 48, 'Introduction to integral calculus'),
('COMP101', 'Introduction to Programming', 3.0, 1, 42, 'Fundamentals of programming'),
('COMP201', 'Data Structures', 3.0, 2, 42, 'Basic data structures and algorithms'),
('PHYS101', 'Mechanics', 4.0, 1, 48, 'Newtonian mechanics'),
('CHEM101', 'General Chemistry', 4.0, 1, 48, 'Basic principles of chemistry'),
('ENG101', 'English Composition', 3.0, 1, 36, 'Academic writing skills'),
('HIST101', 'World History', 3.0, 2, 36, 'Overview of world history'),
('ECON101', 'Microeconomics', 3.0, 1, 36, 'Principles of microeconomics'),
('ECON102', 'Macroeconomics', 3.0, 2, 36, 'Principles of macroeconomics'),
('COMP202', 'Database Principles', 3.5, 3, 48, 'Database system concepts, design and implementation'),
('COMP203', 'Computer Networks', 3.5, 3, 48, 'Computer network architecture and protocols'),
('COMP301', 'Software Engineering', 4.0, 4, 56, 'Software development process and project management'),
('COMP302', 'Artificial Intelligence', 4.0, 5, 56, 'Artificial intelligence theory and applications'),
('COMP303', 'Machine Learning', 4.0, 5, 56, 'Machine learning algorithms and practical applications'),
('COMP304', 'Computer Vision', 3.5, 6, 48, 'Computer vision principles and applications'),
('MATH201', 'Discrete Mathematics', 3.0, 3, 42, 'Discrete structures and computation theory'),
('MATH202', 'Linear Algebra', 3.0, 3, 42, 'Vector spaces and linear transformations'),
('MATH301', 'Probability and Statistics', 3.5, 4, 48, 'Probability theory and statistical methods'),
('PHYS201', 'Electromagnetism', 4.0, 3, 48, 'Electromagnetic field theory and applications'),
('PHYS301', 'Quantum Mechanics', 4.0, 5, 56, 'Quantum physics fundamentals'),
('ECON201', 'Statistics', 3.0, 3, 42, 'Data analysis and statistical inference methods'),
('ENG201', 'Academic English', 3.0, 3, 36, 'Academic research and paper writing skills'),
('COMP401', 'Graduation Project', 8.0, 7, 120, 'Computer science graduation design project');

-- 创建教师表数据
INSERT INTO mis.teacher (teacher_id, name, title, department, email, hire_date, phone, gender) VALUES
('T001', 'John Smith', 'Professor', 'Math', 'jsmith@univ.edu', '2010-08-15', '555-1234', 'Male'),
('T002', 'Sarah Johnson', 'Professor', 'CompSci', 'sjohnson@univ.edu', '2012-01-20', '555-2345', 'Female'),
('T003', 'Robert Chen', 'Associate', 'Physics', 'rchen@univ.edu', '2015-06-10', '555-3456', 'Male'),
('T004', 'Emily Davis', 'Assistant', 'Chemistry', 'edavis@univ.edu', '2018-08-01', '555-4567', 'Female'),
('T005', 'Michael Brown', 'Professor', 'English', 'mbrown@univ.edu', '2008-09-01', '555-5678', 'Male'),
('T006', 'Lisa Wang', 'Associate', 'History', 'lwang@univ.edu', '2014-07-15', '555-6789', 'Female'),
('T007', 'Thomas Lee', 'Professor', 'Economics', 'tlee@univ.edu', '2011-01-10', '555-7890', 'Male'),
('T008', 'Karen Wilson', 'Assistant', 'Math', 'kwilson@univ.edu', '2019-08-20', '555-8901', 'Female'),
('T009', 'Wei Zhang', 'Professor', 'CompSci', 'wzhang@univ.edu', '2009-07-15', '555-9012', 'Male'),
('T010', 'Joan Li', 'Associate', 'CompSci', 'jli@univ.edu', '2013-09-01', '555-0123', 'Female'),
('T011', 'Qiang Wang', 'Professor', 'CompSci', 'qwang@univ.edu', '2007-08-10', '555-1234', 'Male'),
('T012', 'Min Zhao', 'Assistant', 'CompSci', 'mzhao@univ.edu', '2018-02-15', '555-2345', 'Female'),
('T013', 'Tao Liu', 'Associate', 'Math', 'tliu@univ.edu', '2014-09-01', '555-3456', 'Male'),
('T014', 'Li Chen', 'Professor', 'Math', 'lchen@univ.edu', '2008-07-20', '555-4567', 'Female'),
('T015', 'Guang Yang', 'Associate', 'Physics', 'gyang@univ.edu', '2012-08-15', '555-5678', 'Male'),
('T016', 'Ting Zhou', 'Assistant', 'Physics', 'tzhou@univ.edu', '2019-07-10', '555-6789', 'Female'),
('T017', 'Gang Wu', 'Professor', 'Economics', 'gwu@univ.edu', '2010-09-01', '555-7890', 'Male'),
('T018', 'Hua Zheng', 'Associate', 'Chemistry', 'hzheng@univ.edu', '2014-01-15', '555-8901', 'Male'),
('T019', 'Ming Sun', 'Professor', 'English', 'msun@univ.edu', '2009-08-20', '555-9012', 'Male'),
('T020', 'Fang Lin', 'Assistant', 'History', 'flin@univ.edu', '2017-09-01', '555-0123', 'Female');

-- 创建教师课程关联表数据
INSERT INTO mis.teacher_course (teacher_id, course_id) VALUES
('T001', 'MATH101'),
('T001', 'MATH102'),
('T008', 'MATH101'),
('T002', 'COMP101'),
('T002', 'COMP201'),
('T003', 'PHYS101'),
('T004', 'CHEM101'),
('T005', 'ENG101'),
('T006', 'HIST101'),
('T007', 'ECON101'),
('T007', 'ECON102'),
('T009', 'COMP202'),
('T009', 'COMP301'),
('T010', 'COMP203'),
('T011', 'COMP302'),
('T011', 'COMP303'),
('T012', 'COMP304'),
('T013', 'MATH201'),
('T014', 'MATH202'),
('T014', 'MATH301'),
('T015', 'PHYS201'),
('T016', 'PHYS301'),
('T017', 'ECON201'),
('T019', 'ENG201'),
('T009', 'COMP401'),
('T010', 'COMP401'),
('T011', 'COMP401'),
('T012', 'COMP401'),
('T001', 'MATH201'),
('T001', 'MATH202'),
('T002', 'COMP202'),
('T003', 'PHYS201');

-- 创建学生表数据
INSERT INTO mis.student (student_id, name, age_at_enrollment, enrollment_year, class, gender) VALUES
('2020001001', 'Alex Johnson', 18, 2020, 'CS-2020-01', 'Male'),
('2020001002', 'Emma Williams', 19, 2020, 'CS-2020-01', 'Female'),
('2020001003', 'Daniel Brown', 18, 2020, 'CS-2020-01', 'Male'),
('2020001004', 'Olivia Garcia', 18, 2020, 'CS-2020-02', 'Female'),
('2020002001', 'William Martinez', 19, 2020, 'MATH-2020-01', 'Male'),
('2020002002', 'Sophia Rodriguez', 18, 2020, 'MATH-2020-01', 'Female'),
('2021001001', 'James Wilson', 18, 2021, 'CS-2021-01', 'Male'),
('2021001002', 'Charlotte Lee', 19, 2021, 'CS-2021-01', 'Female'),
('2021002001', 'Benjamin Davis', 18, 2021, 'PHYS-2021-01', 'Male'),
('2021002002', 'Amelia Thompson', 18, 2021, 'PHYS-2021-01', 'Female'),
('2020001005', 'Peter Zhang', 18, 2020, 'CS-2020-02', 'Male'),
('2020001006', 'Lucy Wang', 19, 2020, 'CS-2020-02', 'Female'),
('2020001007', 'Kevin Li', 18, 2020, 'CS-2020-02', 'Male'),
('2020001008', 'Emily Zhao', 18, 2020, 'CS-2020-03', 'Female'),
('2020001009', 'David Liu', 19, 2020, 'CS-2020-03', 'Male'),
('2020001010', 'Grace Chen', 18, 2020, 'CS-2020-03', 'Female'),
('2020002003', 'Ryan Yang', 19, 2020, 'MATH-2020-01', 'Male'),
('2020002004', 'Sophia Lin', 18, 2020, 'MATH-2020-01', 'Female'),
('2020002005', 'Jason Zhu', 19, 2020, 'MATH-2020-02', 'Male'),
('2020002006', 'Tina Wu', 18, 2020, 'MATH-2020-02', 'Female'),
('2020003001', 'Eric Zheng', 18, 2020, 'PHYS-2020-01', 'Male'),
('2020003002', 'Jenny Sun', 19, 2020, 'PHYS-2020-01', 'Female'),
('2021001003', 'Jack Zhou', 18, 2021, 'CS-2021-01', 'Male'),
('2021001004', 'Amy Xu', 19, 2021, 'CS-2021-01', 'Female'),
('2021001005', 'Henry Hu', 18, 2021, 'CS-2021-02', 'Male'),
('2021001006', 'Lily Guo', 19, 2021, 'CS-2021-02', 'Female'),
('2021001007', 'Leo He', 18, 2021, 'CS-2021-02', 'Male'),
('2021001008', 'Yuki Ma', 19, 2021, 'CS-2021-02', 'Female'),
('2021002003', 'Ray Feng', 18, 2021, 'PHYS-2021-01', 'Male'),
('2021002004', 'Wendy Qian', 19, 2021, 'PHYS-2021-01', 'Female'),
('2021003001', 'Howard Dong', 18, 2021, 'MATH-2021-01', 'Male'),
('2021003002', 'Lynn Jiang', 19, 2021, 'MATH-2021-01', 'Female'),
('2022001001', 'Sam Tang', 18, 2022, 'CS-2022-01', 'Male'),
('2022001002', 'Vivian Cao', 19, 2022, 'CS-2022-01', 'Female'),
('2022001003', 'Chris Deng', 18, 2022, 'CS-2022-01', 'Male'),
('2022001004', 'Nancy Xu', 19, 2022, 'CS-2022-01', 'Female'),
('2022002001', 'Frank Fu', 18, 2022, 'MATH-2022-01', 'Male'),
('2022002002', 'Kiki Shen', 19, 2022, 'MATH-2022-01', 'Female'),
('2022003001', 'Tyler Han', 18, 2022, 'PHYS-2022-01', 'Male'),
('2022003002', 'Tiffany Wei', 19, 2022, 'PHYS-2022-01', 'Female');

-- 创建选课表数据
INSERT INTO mis.course_selection (student_id, course_id, teacher_id, selection_year, score) VALUES
('2020001001', 'MATH101', 'T001', 2020, 85.5),
('2020001001', 'COMP101', 'T002', 2020, 92.0),
('2020001001', 'PHYS101', 'T003', 2020, 78.5),
('2020001002', 'MATH101', 'T001', 2020, 90.0),
('2020001002', 'COMP101', 'T002', 2020, 88.5),
('2020001002', 'ENG101', 'T005', 2020, 94.0),
('2020001003', 'MATH101', 'T001', 2020, 82.0),
('2020001003', 'CHEM101', 'T004', 2020, 79.5),
('2020001004', 'COMP101', 'T002', 2020, 91.5),
('2020001004', 'HIST101', 'T006', 2020, 87.0),
('2020002001', 'MATH101', 'T001', 2020, 95.0),
('2020002001', 'MATH102', 'T001', 2021, 91.0),
('2020002002', 'MATH101', 'T001', 2020, 89.5),
('2021001001', 'COMP101', 'T002', 2021, 86.0),
('2021001001', 'MATH101', 'T008', 2021, 84.5),
('2021001002', 'COMP101', 'T002', 2021, 93.0),
('2021001002', 'ECON101', 'T007', 2021, 88.0),
('2021002001', 'PHYS101', 'T003', 2021, 90.5),
('2021002001', 'MATH101', 'T008', 2021, 87.5),
('2021002002', 'PHYS101', 'T003', 2021, 92.5),
('2020001001', 'COMP201', 'T002', 2021, 88.0),
('2020001001', 'MATH102', 'T001', 2021, 83.5),
('2020001001', 'COMP202', 'T009', 2021, 91.0),
('2020001001', 'COMP203', 'T010', 2021, 86.5),
('2020001001', 'MATH201', 'T013', 2022, 84.0),
('2020001001', 'COMP301', 'T009', 2022, 89.5),
('2020001001', 'COMP302', 'T011', 2022, 85.0),
('2020001002', 'COMP201', 'T002', 2021, 91.5),
('2020001002', 'MATH102', 'T001', 2021, 87.0),
('2020001002', 'COMP202', 'T009', 2021, 93.5),
('2020001002', 'COMP203', 'T010', 2021, 89.0),
('2020001002', 'MATH201', 'T013', 2022, 85.5),
('2020001002', 'COMP301', 'T009', 2022, 92.0),
('2020001002', 'COMP302', 'T011', 2022, 90.5),
('2020001003', 'COMP101', 'T002', 2020, 80.5),
('2020001003', 'COMP201', 'T002', 2021, 78.0),
('2020001003', 'MATH102', 'T001', 2021, 76.5),
('2020001003', 'COMP202', 'T009', 2021, 81.0),
('2020001003', 'COMP203', 'T010', 2021, 79.0),
('2020001003', 'MATH201', 'T013', 2022, 75.5),
('2020001003', 'COMP301', 'T009', 2022, 83.0),
('2020002001', 'PHYS101', 'T003', 2020, 93.0),
('2020002001', 'MATH201', 'T013', 2021, 94.5),
('2020002001', 'MATH202', 'T014', 2021, 92.0),
('2020002001', 'COMP101', 'T002', 2021, 89.5),
('2020002001', 'MATH301', 'T014', 2022, 91.0),
('2020002001', 'PHYS201', 'T015', 2022, 90.0),
('2020002002', 'PHYS101', 'T003', 2020, 87.5),
('2020002002', 'MATH102', 'T001', 2021, 88.0),
('2020002002', 'MATH201', 'T013', 2021, 90.5),
('2020002002', 'MATH202', 'T014', 2021, 89.0),
('2020002002', 'COMP101', 'T002', 2021, 83.5),
('2020002002', 'MATH301', 'T014', 2022, 88.5),
('2021001001', 'PHYS101', 'T003', 2021, 82.0),
('2021001001', 'COMP201', 'T002', 2022, 85.5),
('2021001001', 'MATH102', 'T001', 2022, 83.0),
('2021001001', 'COMP202', 'T009', 2022, 87.5),
('2021001001', 'COMP203', 'T010', 2022, 84.0),
('2021001002', 'PHYS101', 'T003', 2021, 89.5),
('2021001002', 'MATH101', 'T008', 2021, 90.0),
('2021001002', 'COMP201', 'T002', 2022, 94.5),
('2021001002', 'MATH102', 'T001', 2022, 91.0),
('2021001002', 'COMP202', 'T009', 2022, 93.0),
('2021002001', 'COMP101', 'T002', 2021, 85.0),
('2021002001', 'CHEM101', 'T004', 2021, 83.5),
('2021002001', 'MATH102', 'T001', 2022, 86.0),
('2021002001', 'PHYS201', 'T015', 2022, 91.5),
('2021002001', 'MATH201', 'T013', 2022, 84.5),
('2021002002', 'MATH101', 'T008', 2021, 90.0),
('2021002002', 'COMP101', 'T002', 2021, 87.5),
('2021002002', 'CHEM101', 'T004', 2021, 85.0),
('2021002002', 'MATH102', 'T001', 2022, 89.5),
('2021002002', 'PHYS201', 'T015', 2022, 94.0),
('2020001005', 'MATH101', 'T001', 2020, 82.5),
('2020001005', 'COMP101', 'T002', 2020, 88.0),
('2020001005', 'PHYS101', 'T003', 2020, 81.0),
('2020001005', 'COMP201', 'T002', 2021, 85.5),
('2020001005', 'COMP202', 'T009', 2021, 84.0),
('2020001005', 'COMP301', 'T009', 2022, 87.0),
('2020001005', 'COMP303', 'T011', 2022, 86.5),
('2020001006', 'MATH101', 'T001', 2020, 89.0),
('2020001006', 'COMP101', 'T002', 2020, 92.5),
('2020001006', 'ENG101', 'T005', 2020, 94.0),
('2020001006', 'COMP201', 'T002', 2021, 90.5),
('2020001006', 'COMP202', 'T009', 2021, 93.0),
('2020001006', 'COMP301', 'T009', 2022, 91.5),
('2020001006', 'COMP302', 'T011', 2022, 88.0),
('2022001001', 'MATH101', 'T001', 2022, 86.0),
('2022001001', 'COMP101', 'T002', 2022, 90.5),
('2022001001', 'PHYS101', 'T003', 2022, 84.5),
('2022001001', 'ENG101', 'T005', 2022, 88.0),
('2022001002', 'MATH101', 'T001', 2022, 92.0),
('2022001002', 'COMP101', 'T002', 2022, 95.5),
('2022001002', 'PHYS101', 'T003', 2022, 89.0),
('2022001002', 'ENG101', 'T005', 2022, 93.5),
('2022002001', 'MATH101', 'T001', 2022, 94.0),
('2022002001', 'MATH102', 'T001', 2022, 91.5),
('2022002001', 'PHYS101', 'T003', 2022, 88.0),
('2022002001', 'COMP101', 'T002', 2022, 85.5),
('2022003001', 'MATH101', 'T001', 2022, 87.5),
('2022003001', 'PHYS101', 'T003', 2022, 92.0),
('2022003001', 'CHEM101', 'T004', 2022, 85.0),
('2022003001', 'COMP101', 'T002', 2022, 83.5);

-- 创建用户表数据
INSERT INTO mis.user (username, password, type, real_id) VALUES
-- 管理员用户
('admin', '', 0, NULL),  -- 密码123456的MD5加密
-- 教师用户
('t_jsmith', '', 1, 'T001'),
('t_sjohnson', '', 1, 'T002'),
('t_rchen', '', 1, 'T003'),
('t_edavis', '', 1, 'T004'),
-- 学生用户
('s_johnson', '', 2, '2020001001'),
('s_williams', '', 2, '2020001002'),
('s_brown', '', 2, '2020001003'),
('s_garcia', '', 2, '2020001004'),
('s_martinez', '', 2, '2020002001'),
-- 新增教师用户
('t_mbrown', '', 1, 'T005'),
('t_lwang', '', 1, 'T006'),
('t_tlee', '', 1, 'T007'),
('t_kwilson', '', 1, 'T008'),
('t_wzhang', '', 1, 'T009'),
('t_jli', '', 1, 'T010'),
('t_qwang', '', 1, 'T011'),
('t_mzhao', '', 1, 'T012'),
('t_tliu', '', 1, 'T013'),
('t_lchen', '', 1, 'T014'),
('t_gyang', '', 1, 'T015'),
-- 新增学生用户
('s_rodriguez', '', 2, '2020002002'),
('s_wilson', '', 2, '2021001001'),
('s_lee', '', 2, '2021001002'),
('s_davis', '', 2, '2021002001'),
('s_thompson', '', 2, '2021002002'),
('s_zhang', '', 2, '2020001005'),
('s_wang', '', 2, '2020001006'),
('s_li', '', 2, '2020001007'),
('s_zhao', '', 2, '2020001008'),
('s_liu', '', 2, '2020001009'),
('s_chen', '', 2, '2020001010'),
('s_tang', '', 2, '2022001001'),
('s_cao', '', 2, '2022001002'),
('s_deng', '', 2, '2022001003'),
('s_xu', '', 2, '2022001004'),
('s_fu', '', 2, '2022002001'),
('s_shen', '', 2, '2022002002'),
('s_han', '', 2, '2022003001'),
('s_wei', '', 2, '2022003002');
