-- dbMock.sql: 测试数据生成脚本


-- 插入角色数据（假设已有角色表）
-- INSERT INTO `role` (`id`, `name`) VALUES 
-- (1, '管理员'),
-- (2, '教师'),
-- (3, '学生');

-- 插入用户数据
INSERT INTO `user` (`username`, `password`, `role_id`, `real_id`) VALUES 
('teacher001', 'pass123', 2, 'T0001'),
('teacher002', 'pass123', 2, 'T0002'),
('teacher003', 'pass123', 2, 'T0003'),
('teacher004', 'pass123', 2, 'T0004'),
('teacher005', 'pass123', 2, 'T0005'),
('student001', 'pass123', 3, '2020001001'),
('student002', 'pass123', 3, '2020001002'),
('student003', 'pass123', 3, '2020001003'),
('student004', 'pass123', 3, '2020002001'),
('student005', 'pass123', 3, '2020002002'),
('student006', 'pass123', 3, '2021001001'),
('student007', 'pass123', 3, '2021001002'),
('student008', 'pass123', 3, '2021002001'),
('student009', 'pass123', 3, '2021002002'),
('student010', 'pass123', 3, '2022001001');

-- 插入学生数据
INSERT INTO `student` (`student_id`, `name`, `gender`, `age_at_enrollment`, `enrollment_year`, `class`) VALUES 
('2020001001', '张三', '男', 18, 2020, '计算机20-1班'),
('2020001002', '李四', '男', 19, 2020, '计算机20-1班'),
('2020001003', '王五', '女', 18, 2020, '计算机20-1班'),
('2020002001', '赵六', '男', 19, 2020, '软件工程20-1班'),
('2020002002', '钱七', '女', 18, 2020, '软件工程20-1班'),
('2021001001', '孙八', '男', 18, 2021, '计算机21-1班'),
('2021001002', '周九', '女', 19, 2021, '计算机21-1班'),
('2021002001', '吴十', '男', 18, 2021, '软件工程21-1班'),
('2021002002', '郑十一', '女', 18, 2021, '软件工程21-1班'),
('2022001001', '王十二', '男', 18, 2022, '计算机22-1班');

-- 插入教师数据
INSERT INTO `teacher` (`teacher_id`, `name`) VALUES 
('T0001', '刘教授'),
('T0002', '陈教授'),
('T0003', '杨副教授'),
('T0004', '张讲师'),
('T0005', '李助教');

-- 插入课程数据
INSERT INTO `course` (`course_id`, `name`, `credit`, `grade_requirement`, `discontinue_year`) VALUES 
('CS10001', '计算机导论', 3.0, 1, NULL),
('CS20001', '数据结构', 4.0, 2, NULL),
('CS20002', '算法分析', 3.5, 2, NULL),
('CS30001', '操作系统', 4.0, 3, NULL),
('CS30002', '计算机网络', 3.5, 3, NULL),
('CS30003', '数据库系统', 4.0, 3, NULL),
('CS40001', '人工智能', 3.0, 4, NULL),
('CS40002', '机器学习', 3.5, 4, NULL),
('SE20001', '软件工程概论', 3.0, 2, NULL),
('SE30001', '软件测试', 3.5, 3, NULL),
('MA10001', '高等数学', 5.0, 1, NULL),
('MA10002', '线性代数', 3.0, 1, NULL),
('CS10002', 'C语言程序设计', 3.5, 1, 2021); -- 此课程已停课

-- 插入教师课程关联数据
INSERT INTO `teacher_course` (`teacher_id`, `course_id`) VALUES 
('T0001', 'CS10001'),
('T0001', 'CS20001'),
('T0001', 'CS30001'),
('T0002', 'CS20002'),
('T0002', 'CS30002'),
('T0002', 'CS40001'),
('T0003', 'CS30003'),
('T0003', 'CS40002'),
('T0004', 'SE20001'),
('T0004', 'SE30001'),
('T0005', 'MA10001'),
('T0005', 'MA10002'),
('T0003', 'CS10002');

-- 插入选课数据
INSERT INTO `course_selection` (`student_id`, `course_id`, `teacher_id`, `selection_year`, `score`) VALUES 
-- 2020级学生的选课记录
('2020001001', 'CS10001', 'T0001', 2020, 88.5),
('2020001001', 'MA10001', 'T0005', 2020, 75.0),
('2020001001', 'MA10002', 'T0005', 2020, 82.5),
('2020001001', 'CS20001', 'T0001', 2021, 91.0),
('2020001001', 'CS20002', 'T0002', 2021, 85.0),
('2020001001', 'CS30001', 'T0001', 2022, 78.5),
('2020001001', 'CS30002', 'T0002', 2022, 83.0),
('2020001001', 'CS30003', 'T0003', 2022, 89.0),

('2020001002', 'CS10001', 'T0001', 2020, 92.0),
('2020001002', 'MA10001', 'T0005', 2020, 68.0),
('2020001002', 'MA10002', 'T0005', 2020, 75.5),
('2020001002', 'CS20001', 'T0001', 2021, 87.0),
('2020001002', 'CS20002', 'T0002', 2021, 82.0),
('2020001002', 'SE20001', 'T0004', 2021, 91.5),

('2020002001', 'CS10001', 'T0001', 2020, 85.0),
('2020002001', 'MA10001', 'T0005', 2020, 72.5),
('2020002001', 'MA10002', 'T0005', 2020, 80.0),
('2020002001', 'SE20001', 'T0004', 2021, 88.0),
('2020002001', 'SE30001', 'T0004', 2022, 90.0),

-- 2021级学生的选课记录
('2021001001', 'CS10001', 'T0001', 2021, 87.5),
('2021001001', 'MA10001', 'T0005', 2021, 79.0),
('2021001001', 'MA10002', 'T0005', 2021, 84.5),
('2021001001', 'CS20001', 'T0001', 2022, 88.0),
('2021001001', 'CS20002', 'T0002', 2022, 91.0),

('2021002001', 'CS10001', 'T0001', 2021, 83.0),
('2021002001', 'MA10001', 'T0005', 2021, 74.5),
('2021002001', 'MA10002', 'T0005', 2021, 80.0),
('2021002001', 'SE20001', 'T0004', 2022, 86.5),

-- 2022级学生的选课记录
('2022001001', 'CS10001', 'T0001', 2022, 90.5),
('2022001001', 'MA10001', 'T0005', 2022, 82.0),
('2022001001', 'MA10002', 'T0005', 2022, 85.5),

-- 部分学生还没有成绩的选课记录
('2020001003', 'CS40001', 'T0002', 2023, NULL),
('2021001002', 'CS30003', 'T0003', 2023, NULL),
('2021002002', 'CS30002', 'T0002', 2023, NULL),
('2022001001', 'CS20001', 'T0001', 2023, NULL);
