
-- 开始插入模拟数据
-- 课程数据
INSERT INTO mis.course (course_id, name, credit, semester, hours, description) VALUES
('COMP10001', 'Introduction to Computer Science', 4.0, 1, 48, 'Basic concepts of computer science'),
('COMP10002', 'Programming Fundamentals', 4.0, 1, 48, 'Introduction to programming basics'),
('COMP20003', 'Data Structures and Algorithms', 4.0, 3, 48, 'Study of fundamental data structures and algorithms'),
('COMP20005', 'Object Oriented Programming', 3.5, 3, 42, 'Principles of OOP'),
('COMP20007', 'Database Systems', 4.0, 4, 48, 'Introduction to database concepts'),
('COMP30010', 'Web Development', 3.5, 5, 42, 'Frontend and backend web development'),
('COMP30020', 'Artificial Intelligence', 4.0, 5, 48, 'Introduction to AI concepts'),
('COMP30023', 'Machine Learning', 4.0, 6, 48, 'ML algorithms and applications'),
('COMP40001', 'Advanced Algorithms', 3.5, 7, 42, 'Complex algorithms and optimization'),
('COMP40005', 'Computer Networks', 3.0, 7, 36, 'Network protocols and architecture'),
('MATH10001', 'Calculus I', 4.0, 1, 48, 'Introduction to differential calculus'),
('MATH10002', 'Linear Algebra', 4.0, 2, 48, 'Vector spaces and linear transformations'),
('MATH20001', 'Calculus II', 4.0, 3, 48, 'Integral calculus and applications'),
('MATH20003', 'Probability and Statistics', 3.5, 4, 42, 'Probability theory and statistical methods'),
('MATH30001', 'Discrete Mathematics', 3.5, 5, 42, 'Logic, set theory, and combinatorics'),
('PHYS10001', 'Physics I: Mechanics', 4.0, 1, 48, 'Classical mechanics'),
('PHYS10002', 'Physics II: Electromagnetism', 4.0, 2, 48, 'Electricity and magnetism'),
('PHYS20001', 'Modern Physics', 3.5, 3, 42, 'Quantum mechanics and relativity'),
('CHEM10001', 'General Chemistry', 4.0, 1, 48, 'Basic chemical principles'),
('CHEM20001', 'Organic Chemistry', 4.0, 3, 48, 'Study of carbon compounds'),
('BIOL10001', 'Introduction to Biology', 4.0, 1, 48, 'Cell biology and genetics'),
('BIOL20001', 'Molecular Biology', 3.5, 3, 42, 'DNA, RNA, and protein synthesis'),
('ECON10001', 'Principles of Economics', 3.0, 1, 36, 'Micro and macroeconomics'),
('ECON20001', 'Microeconomics', 3.5, 3, 42, 'Individual economic decision-making'),
('ECON20002', 'Macroeconomics', 3.5, 4, 42, 'Economic systems and policies'),
('LANG10001', 'English Composition', 3.0, 1, 36, 'Academic writing skills'),
('LANG10002', 'Public Speaking', 2.5, 2, 30, 'Oral presentation techniques'),
('HIST10001', 'World History', 3.0, 1, 36, 'Global historical developments'),
('PHIL10001', 'Introduction to Philosophy', 3.0, 2, 36, 'Philosophical theories and concepts'),
('PSYC10001', 'Introduction to Psychology', 3.5, 1, 42, 'Basic psychological principles'),
('ENGI10001', 'Engineering Principles', 4.0, 1, 48, 'Fundamentals of engineering'),
('ENGI20001', 'Electronic Circuits', 3.5, 3, 42, 'Circuit analysis and design'),
('ARTS10001', 'Introduction to Art History', 3.0, 1, 36, 'Art movements and techniques'),
('BUSI10001', 'Business Management', 3.5, 1, 42, 'Management theory and practice'),
('BUSI20001', 'Marketing Principles', 3.0, 3, 36, 'Marketing strategies and concepts'),
('COMP10003', 'Computer Architecture', 3.5, 2, 42, 'Hardware components and system architecture'),
('COMP20006', 'Operating Systems', 4.0, 4, 48, 'OS concepts and implementations'),
('COMP30021', 'Computer Graphics', 3.5, 6, 42, '2D and 3D graphics principles'),
('COMP30024', 'Cybersecurity', 4.0, 6, 48, 'Security principles and practices'),
('COMP40003', 'Compiler Design', 3.5, 7, 42, 'Programming language implementation'),
('MATH10003', 'Discrete Structures', 3.5, 2, 42, 'Sets, relations, and functions'),
('MATH20002', 'Differential Equations', 4.0, 4, 48, 'ODEs and PDEs'),
('MATH30002', 'Numerical Analysis', 3.5, 6, 42, 'Numerical methods for computation'),
('PHYS20002', 'Thermodynamics', 3.5, 4, 42, 'Heat, energy, and entropy'),
('CHEM10002', 'Analytical Chemistry', 3.5, 2, 42, 'Chemical analysis methods'),
('BIOL10002', 'Ecology', 3.0, 2, 36, 'Ecosystem structure and function'),
('ECON10002', 'Economic Statistics', 3.5, 2, 42, 'Statistical methods in economics'),
('LANG20001', 'Advanced Writing', 3.0, 3, 36, 'Complex composition techniques'),
('HIST20001', 'Asian History', 3.0, 3, 36, 'Cultural and political development in Asia'),
('PSYC20001', 'Social Psychology', 3.5, 3, 42, 'Human social behavior and influence');

-- 教师数据
INSERT INTO mis.teacher (teacher_id, name, title, department, email, hire_date, phone, gender) VALUES
('T0001', 'John Smith', 'Professor', 'COMP', 'jsmith@uni.edu', '2010-09-01', '1234567890', 'Male'),
('T0002', 'Sarah Johnson', 'Professor', 'COMP', 'sjohnson@uni.edu', '2012-07-15', '2345678901', 'Female'),
('T0003', 'Michael Brown', 'Assoc Prof', 'COMP', 'mbrown@uni.edu', '2015-01-10', '3456789012', 'Male'),
('T0004', 'Emily Davis', 'Asst Prof', 'COMP', 'edavis@uni.edu', '2018-08-20', '4567890123', 'Female'),
('T0005', 'David Wilson', 'Professor', 'MATH', 'dwilson@uni.edu', '2008-06-05', '5678901234', 'Male'),
('T0006', 'Jennifer Lee', 'Assoc Prof', 'MATH', 'jlee@uni.edu', '2014-03-12', '6789012345', 'Female'),
('T0007', 'Robert Taylor', 'Asst Prof', 'MATH', 'rtaylor@uni.edu', '2019-05-22', '7890123456', 'Male'),
('T0008', 'Lisa Anderson', 'Professor', 'PHYS', 'landerson@uni.edu', '2009-11-30', '8901234567', 'Female'),
('T0009', 'James Martin', 'Assoc Prof', 'PHYS', 'jmartin@uni.edu', '2013-09-14', '9012345678', 'Male'),
('T0010', 'Daniel Thompson', 'Professor', 'CHEM', 'dthompson@uni.edu', '2007-08-25', '0123456789', 'Male'),
('T0011', 'Karen White', 'Assoc Prof', 'CHEM', 'kwhite@uni.edu', '2011-02-18', '1234509876', 'Female'),
('T0012', 'Thomas Harris', 'Professor', 'BIOL', 'tharris@uni.edu', '2005-07-07', '2345609876', 'Male'),
('T0013', 'Nancy Clark', 'Assoc Prof', 'BIOL', 'nclark@uni.edu', '2010-04-30', '3456709876', 'Female'),
('T0014', 'Steven Wright', 'Professor', 'ECON', 'swright@uni.edu', '2006-12-11', '4567809876', 'Male'),
('T0015', 'Michelle Young', 'Assoc Prof', 'ECON', 'myoung@uni.edu', '2013-01-08', '5678909876', 'Female'),
('T0016', 'Edward King', 'Professor', 'LANG', 'eking@uni.edu', '2004-09-23', '6789009876', 'Male'),
('T0017', 'Patricia Lewis', 'Assoc Prof', 'LANG', 'plewis@uni.edu', '2012-10-15', '7890109876', 'Female'),
('T0018', 'Charles Walker', 'Professor', 'HIST', 'cwalker@uni.edu', '2008-03-22', '8901209876', 'Male'),
('T0019', 'Laura Hall', 'Assoc Prof', 'PHIL', 'lhall@uni.edu', '2015-06-07', '9012309876', 'Female'),
('T0020', 'Kevin Adams', 'Professor', 'PSYC', 'kadams@uni.edu', '2009-05-19', '0123409876', 'Male'),
('T0021', 'Julie Baker', 'Assoc Prof', 'PSYC', 'jbaker@uni.edu', '2014-07-25', '1234569870', 'Female'),
('T0022', 'Mark Evans', 'Professor', 'ENGI', 'mevans@uni.edu', '2007-10-14', '2345679870', 'Male'),
('T0023', 'Susan Garcia', 'Assoc Prof', 'ENGI', 'sgarcia@uni.edu', '2013-04-05', '3456789870', 'Female'),
('T0024', 'Richard Turner', 'Professor', 'ARTS', 'rturner@uni.edu', '2006-01-29', '4567899870', 'Male'),
('T0025', 'Catherine Parker', 'Assoc Prof', 'BUSI', 'cparker@uni.edu', '2011-11-17', '5678909870', 'Female'),
('T0026', 'Paul Foster', 'Asst Prof', 'COMP', 'pfoster@uni.edu', '2020-01-15', '6789019870', 'Male'),
('T0027', 'Rachel Green', 'Asst Prof', 'MATH', 'rgreen@uni.edu', '2019-09-28', '7890129870', 'Female'),
('T0028', 'Andrew Scott', 'Asst Prof', 'PHYS', 'ascott@uni.edu', '2020-06-10', '8901239870', 'Male'),
('T0029', 'Olivia Reed', 'Asst Prof', 'CHEM', 'oreed@uni.edu', '2018-11-03', '9012349870', 'Female'),
('T0030', 'William Cooper', 'Asst Prof', 'BIOL', 'wcooper@uni.edu', '2019-03-18', '0123459870', 'Male');

-- 学生数据
INSERT INTO mis.student (student_id, name, age_at_enrollment, enrollment_year, class, gender) VALUES
('2020010001', 'Alex Johnson', 18, 2020, 'CS2020-1', 'Male'),
('2020010002', 'Emma Davis', 18, 2020, 'CS2020-1', 'Female'),
('2020010003', 'Ryan Miller', 19, 2020, 'CS2020-1', 'Male'),
('2020010004', 'Sophia Brown', 18, 2020, 'CS2020-1', 'Female'),
('2020010005', 'Ethan Wilson', 18, 2020, 'CS2020-1', 'Male'),
('2020010006', 'Olivia Taylor', 19, 2020, 'CS2020-1', 'Female'),
('2020010007', 'Noah Anderson', 18, 2020, 'CS2020-2', 'Male'),
('2020010008', 'Ava Martinez', 18, 2020, 'CS2020-2', 'Female'),
('2020010009', 'William Garcia', 19, 2020, 'CS2020-2', 'Male'),
('2020010010', 'Isabella Robinson', 18, 2020, 'CS2020-2', 'Female'),
('2020020001', 'James Clark', 18, 2020, 'MATH2020-1', 'Male'),
('2020020002', 'Charlotte Lewis', 19, 2020, 'MATH2020-1', 'Female'),
('2020020003', 'Benjamin Lee', 18, 2020, 'MATH2020-1', 'Male'),
('2020020004', 'Mia Walker', 18, 2020, 'MATH2020-1', 'Female'),
('2020020005', 'Lucas Hall', 19, 2020, 'MATH2020-2', 'Male'),
('2020020006', 'Amelia Allen', 18, 2020, 'MATH2020-2', 'Female'),
('2020030001', 'Henry Young', 18, 2020, 'PHYS2020-1', 'Male'),
('2020030002', 'Harper King', 19, 2020, 'PHYS2020-1', 'Female'),
('2020030003', 'Alexander Wright', 18, 2020, 'PHYS2020-1', 'Male'),
('2020030004', 'Evelyn Scott', 18, 2020, 'PHYS2020-1', 'Female'),
('2020040001', 'Daniel Green', 19, 2020, 'CHEM2020-1', 'Male'),
('2020040002', 'Abigail Adams', 18, 2020, 'CHEM2020-1', 'Female'),
('2020040003', 'Matthew Baker', 18, 2020, 'CHEM2020-1', 'Male'),
('2020040004', 'Elizabeth Carter', 19, 2020, 'CHEM2020-1', 'Female'),
('2020050001', 'Joseph Evans', 18, 2020, 'BIOL2020-1', 'Male'),
('2020050002', 'Sofia Turner', 18, 2020, 'BIOL2020-1', 'Female'),
('2020050003', 'David Phillips', 19, 2020, 'BIOL2020-1', 'Male'),
('2020060001', 'Victoria Cooper', 18, 2020, 'ECON2020-1', 'Female'),
('2020060002', 'Andrew Foster', 18, 2020, 'ECON2020-1', 'Male'),
('2020060003', 'Chloe Murphy', 19, 2020, 'ECON2020-1', 'Female'),
('2021010001', 'Jackson Reed', 18, 2021, 'CS2021-1', 'Male'),
('2021010002', 'Zoe Brooks', 18, 2021, 'CS2021-1', 'Female'),
('2021010003', 'Christopher Kelly', 19, 2021, 'CS2021-1', 'Male'),
('2021010004', 'Lily Howard', 18, 2021, 'CS2021-1', 'Female'),
('2021010005', 'Sebastian Cox', 18, 2021, 'CS2021-1', 'Male'),
('2021010006', 'Audrey Wood', 19, 2021, 'CS2021-2', 'Female'),
('2021010007', 'Julian Ward', 18, 2021, 'CS2021-2', 'Male'),
('2021010008', 'Claire Ross', 18, 2021, 'CS2021-2', 'Female'),
('2021010009', 'Dominic Perry', 19, 2021, 'CS2021-2', 'Male'),
('2021010010', 'Stella Powell', 18, 2021, 'CS2021-2', 'Female'),
('2021020001', 'Nathan Long', 18, 2021, 'MATH2021-1', 'Male'),
('2021020002', 'Scarlett Hughes', 19, 2021, 'MATH2021-1', 'Female'),
('2021020003', 'Zachary Price', 18, 2021, 'MATH2021-1', 'Male'),
('2021020004', 'Luna Morris', 18, 2021, 'MATH2021-1', 'Female'),
('2021020005', 'Tyler Richardson', 19, 2021, 'MATH2021-2', 'Male'),
('2021020006', 'Addison Cook', 18, 2021, 'MATH2021-2', 'Female'),
('2021030001', 'Isaac Morgan', 18, 2021, 'PHYS2021-1', 'Male'),
('2021030002', 'Leah Bell', 19, 2021, 'PHYS2021-1', 'Female'),
('2021030003', 'Levi Murphy', 18, 2021, 'PHYS2021-1', 'Male'),
('2021030004', 'Hannah Bailey', 18, 2021, 'PHYS2021-1', 'Female'),
('2021040001', 'Owen Rivera', 19, 2021, 'CHEM2021-1', 'Male'),
('2021040002', 'Penelope Cooper', 18, 2021, 'CHEM2021-1', 'Female'),
('2021040003', 'Luke Reed', 18, 2021, 'CHEM2021-1', 'Male'),
('2021040004', 'Isabelle Peterson', 19, 2021, 'CHEM2021-1', 'Female'),
('2021050001', 'Caleb Gray', 18, 2021, 'BIOL2021-1', 'Male'),
('2021050002', 'Nora Kelly', 18, 2021, 'BIOL2021-1', 'Female'),
('2021050003', 'Jonathan James', 19, 2021, 'BIOL2021-1', 'Male'),
('2021060001', 'Skylar Watson', 18, 2021, 'ECON2021-1', 'Female'),
('2021060002', 'Adam Brooks', 18, 2021, 'ECON2021-1', 'Male'),
('2021060003', 'Alice Price', 19, 2021, 'ECON2021-1', 'Female'),
('2022010001', 'Thomas Garcia', 18, 2022, 'CS2022-1', 'Male'),
('2022010002', 'Maya Rodriguez', 18, 2022, 'CS2022-1', 'Female'),
('2022010003', 'Aaron Wilson', 19, 2022, 'CS2022-1', 'Male'),
('2022010004', 'Violet Martinez', 18, 2022, 'CS2022-1', 'Female'),
('2022010005', 'Elijah Thompson', 18, 2022, 'CS2022-1', 'Male'),
('2022010006', 'Grace Taylor', 19, 2022, 'CS2022-2', 'Female'),
('2022010007', 'Mason Anderson', 18, 2022, 'CS2022-2', 'Male'),
('2022010008', 'Aria Johnson', 18, 2022, 'CS2022-2', 'Female'),
('2022010009', 'Leo Davis', 19, 2022, 'CS2022-2', 'Male'),
('2022010010', 'Aurora Brown', 18, 2022, 'CS2022-2', 'Female'),
('2022020001', 'Miles Wright', 18, 2022, 'MATH2022-1', 'Male'),
('2022020002', 'Eleanor Scott', 19, 2022, 'MATH2022-1', 'Female'),
('2022020003', 'Cole Green', 18, 2022, 'MATH2022-1', 'Male'),
('2022020004', 'Hazel Adams', 18, 2022, 'MATH2022-1', 'Female'),
('2022020005', 'Max Baker', 19, 2022, 'MATH2022-2', 'Male'),
('2022020006', 'Lucy Carter', 18, 2022, 'MATH2022-2', 'Female'),
('2022030001', 'Evan Evans', 18, 2022, 'PHYS2022-1', 'Male'),
('2022030002', 'Lila Turner', 19, 2022, 'PHYS2022-1', 'Female'),
('2022030003', 'Jason Phillips', 18, 2022, 'PHYS2022-1', 'Male'),
('2022030004', 'Natalie Cooper', 18, 2022, 'PHYS2022-1', 'Female'),
('2022040001', 'Carson Foster', 19, 2022, 'CHEM2022-1', 'Male'),
('2022040002', 'Sarah Murphy', 18, 2022, 'CHEM2022-1', 'Female'),
('2022040003', 'Xavier Reed', 18, 2022, 'CHEM2022-1', 'Male'),
('2022040004', 'Madeline Brooks', 19, 2022, 'CHEM2022-1', 'Female'),
('2022050001', 'Chase Kelly', 18, 2022, 'BIOL2022-1', 'Male'),
('2022050002', 'Piper Howard', 18, 2022, 'BIOL2022-1', 'Female'),
('2022050003', 'Blake Cox', 19, 2022, 'BIOL2022-1', 'Male'),
('2022060001', 'Ruby Wood', 18, 2022, 'ECON2022-1', 'Female'),
('2022060002', 'Ian Ward', 18, 2022, 'ECON2022-1', 'Male'),
('2022060003', 'Gabriella Ross', 19, 2022, 'ECON2022-1', 'Female');

-- 教师课程关联数据
INSERT INTO mis.teacher_course (teacher_id, course_id) VALUES
('T0001', 'COMP10001'),
('T0002', 'COMP10002'),
('T0003', 'COMP20003'),
('T0003', 'COMP20005'),
('T0004', 'COMP20007'),
('T0001', 'COMP30010'),
('T0002', 'COMP30020'),
('T0003', 'COMP30023'),
('T0004', 'COMP40001'),
('T0001', 'COMP40005'),
('T0002', 'COMP10003'),
('T0004', 'COMP20006'),
('T0003', 'COMP30021'),
('T0001', 'COMP30024'),
('T0002', 'COMP40003'),
('T0005', 'MATH10001'),
('T0006', 'MATH10002'),
('T0007', 'MATH20001'),
('T0005', 'MATH20003'),
('T0006', 'MATH30001'),
('T0007', 'MATH10003'),
('T0005', 'MATH20002'),
('T0006', 'MATH30002'),
('T0008', 'PHYS10001'),
('T0009', 'PHYS10002'),
('T0008', 'PHYS20001'),
('T0009', 'PHYS20002'),
('T0010', 'CHEM10001'),
('T0011', 'CHEM20001'),
('T0010', 'CHEM10002'),
('T0012', 'BIOL10001'),
('T0013', 'BIOL20001'),
('T0012', 'BIOL10002'),
('T0014', 'ECON10001'),
('T0015', 'ECON20001'),
('T0014', 'ECON20002'),
('T0015', 'ECON10002'),
('T0016', 'LANG10001'),
('T0017', 'LANG10002'),
('T0016', 'LANG20001'),
('T0018', 'HIST10001'),
('T0018', 'HIST20001'),
('T0019', 'PHIL10001'),
('T0020', 'PSYC10001'),
('T0021', 'PSYC20001'),
('T0022', 'ENGI10001'),
('T0023', 'ENGI20001'),
('T0024', 'ARTS10001'),
('T0025', 'BUSI10001'),
('T0025', 'BUSI20001'),
('T0026', 'COMP10001'), -- 助理教授也可以教授一些课程
('T0026', 'COMP10002'),
('T0027', 'MATH10001'),
('T0027', 'MATH10002'),
('T0028', 'PHYS10001'),
('T0029', 'CHEM10001'),
('T0030', 'BIOL10001');

-- 用户数据（包括管理员、学生和教师账号）
INSERT INTO mis.user (username, password, type, real_id) VALUES
-- 管理员账号
('admin', 'admin123', 0, NULL),
('superadmin', 'super123', 0, NULL),

-- 教师账号
('jsmith', 'password123', 1, 'T0001'),
('sjohnson', 'password123', 1, 'T0002'),
('mbrown', 'password123', 1, 'T0003'),
('edavis', 'password123', 1, 'T0004'),
('dwilson', 'password123', 1, 'T0005'),
('jlee', 'password123', 1, 'T0006'),
('rtaylor', 'password123', 1, 'T0007'),
('landerson', 'password123', 1, 'T0008'),
('jmartin', 'password123', 1, 'T0009'),
('dthompson', 'password123', 1, 'T0010'),
('kwhite', 'password123', 1, 'T0011'),
('tharris', 'password123', 1, 'T0012'),
('nclark', 'password123', 1, 'T0013'),
('swright', 'password123', 1, 'T0014'),
('myoung', 'password123', 1, 'T0015'),
('eking', 'password123', 1, 'T0016'),
('plewis', 'password123', 1, 'T0017'),
('cwalker', 'password123', 1, 'T0018'),
('lhall', 'password123', 1, 'T0019'),
('kadams', 'password123', 1, 'T0020'),
('jbaker', 'password123', 1, 'T0021'),
('mevans', 'password123', 1, 'T0022'),
('sgarcia', 'password123', 1, 'T0023'),
('rturner', 'password123', 1, 'T0024'),
('cparker', 'password123', 1, 'T0025'),
('pfoster', 'password123', 1, 'T0026'),
('rgreen', 'password123', 1, 'T0027'),
('ascott', 'password123', 1, 'T0028'),
('oreed', 'password123', 1, 'T0029'),
('wcooper', 'password123', 1, 'T0030'),

-- 学生账号（仅列出部分示例）
('ajohnson', 'password123', 2, '2020010001'),
('edavis', 'password123', 2, '2020010002'),
('rmiller', 'password123', 2, '2020010003'),
('sbrown', 'password123', 2, '2020010004'),
('ewilson', 'password123', 2, '2020010005'),
('otaylor', 'password123', 2, '2020010006'),
('nanderson', 'password123', 2, '2020010007'),
('amartinez', 'password123', 2, '2020010008'),
('wgarcia', 'password123', 2, '2020010009'),
('irobinson', 'password123', 2, '2020010010'),
('jclark', 'password123', 2, '2020020001'),
('clewis', 'password123', 2, '2020020002'),
('jreed', 'password123', 2, '2021010001'),
('zbrooks', 'password123', 2, '2021010002'),
('tgarcia', 'password123', 2, '2022010001'),
('mrodriguez', 'password123', 2, '2022010002');